{"1":{"HousingZone":979,"Plot":1,"Size":0,"PlacardLocation":{"X":86.5339355,"Y":-18.08197,"Z":159.472046,"MagnitudeSqr":33246.4141,"Magnitude":182.336},"EntranceLocation":{"X":9.75807,"Y":-15.2,"Z":177.855209,"MagnitudeSqr":31958.7344,"Magnitude":178.770065},"IsInSubdivision":false},"2":{"HousingZone":979,"Plot":2,"Size":1,"PlacardLocation":{"X":139.482666,"Y":-38.1018066,"Z":149.278931,"MagnitudeSqr":43191.36,"Magnitude":207.825317},"EntranceLocation":{"X":143.783813,"Y":-38.4,"Z":143.765427,"MagnitudeSqr":42816.8438,"Magnitude":206.922318},"IsInSubdivision":false},"3":{"HousingZone":979,"Plot":3,"Size":0,"PlacardLocation":{"X":83.57361,"Y":-28.0919189,"Z":124.406738,"MagnitudeSqr":23250.74,"Magnitude":152.481934},"EntranceLocation":{"X":78.684906,"Y":-28.5,"Z":119.70076,"MagnitudeSqr":21331.8359,"Magnitude":146.05423},"IsInSubdivision":false},"4":{"HousingZone":979,"Plot":4,"Size":0,"PlacardLocation":{"X":117.845337,"Y":-28.0919189,"Z":81.55945,"MagnitudeSqr":21328.623,"Magnitude":146.043228},"EntranceLocation":{"X":111.4434,"Y":-28.5,"Z":78.26429,"MagnitudeSqr":19357.18,"Magnitude":139.130081},"IsInSubdivision":false},"5":{"HousingZone":979,"Plot":5,"Size":0,"PlacardLocation":{"X":174.456421,"Y":-48.0811768,"Z":69.0775146,"MagnitudeSqr":37518.5469,"Magnitude":193.697052},"EntranceLocation":{"X":178.695923,"Y":-48.5,"Z":74.33166,"MagnitudeSqr":39809.68,"Magnitude":199.523636},"IsInSubdivision":false},"6":{"HousingZone":979,"Plot":6,"Size":0,"PlacardLocation":{"X":188.464111,"Y":-48.0811768,"Z":59.67798,"MagnitudeSqr":41391.9844,"Magnitude":203.4502},"EntranceLocation":{"X":184.128754,"Y":-48.5,"Z":53.9717674,"MagnitudeSqr":39168.6,"Magnitude":197.910583},"IsInSubdivision":false},"7":{"HousingZone":979,"Plot":7,"Size":1,"PlacardLocation":{"X":140.18457,"Y":-28.0919189,"Z":38.52893,"MagnitudeSqr":21925.3477,"Magnitude":148.0721},"EntranceLocation":{"X":131.587723,"Y":-28.5,"Z":41.9588547,"MagnitudeSqr":19888.123,"Magnitude":141.025253},"IsInSubdivision":false},"8":{"HousingZone":979,"Plot":8,"Size":1,"PlacardLocation":{"X":-16.31195,"Y":-18.387146,"Z":95.93347,"MagnitudeSqr":9807.398,"Magnitude":99.03231},"EntranceLocation":{"X":-23.8318081,"Y":-18.5,"Z":94.52967,"MagnitudeSqr":9846.063,"Magnitude":99.22733},"IsInSubdivision":false},"9":{"HousingZone":979,"Plot":9,"Size":0,"PlacardLocation":{"X":-1.02233887,"Y":-18.1430054,"Z":74.17407,"MagnitudeSqr":5832.007,"Magnitude":76.36758},"EntranceLocation":{"X":-2.114169,"Y":-18.5,"Z":68.07245,"MagnitudeSqr":4980.578,"Magnitude":70.57321},"IsInSubdivision":false},"10":{"HousingZone":979,"Plot":10,"Size":0,"PlacardLocation":{"X":-18.7839355,"Y":-18.1125488,"Z":20.6759033,"MagnitudeSqr":1108.39355,"Magnitude":33.2925453},"EntranceLocation":{"X":-22.881012,"Y":-18.457407,"Z":25.8053188,"MagnitudeSqr":1530.1311,"Magnitude":39.11689},"IsInSubdivision":false},"11":{"HousingZone":979,"Plot":11,"Size":0,"PlacardLocation":{"X":-68.04004,"Y":-8.1026,"Z":151.934082,"MagnitudeSqr":27779.0645,"Magnitude":166.670532},"EntranceLocation":{"X":-70.93319,"Y":-8.5,"Z":145.3219,"MagnitudeSqr":26222.2227,"Magnitude":161.93277},"IsInSubdivision":false},"12":{"HousingZone":979,"Plot":12,"Size":2,"PlacardLocation":{"X":-94.2550049,"Y":1.90734863,"Z":97.42883,"MagnitudeSqr":18380.0215,"Magnitude":135.572937},"EntranceLocation":{"X":-95.51822,"Y":1.5,"Z":91.13784,"MagnitudeSqr":17432.0859,"Magnitude":132.030624},"IsInSubdivision":false},"13":{"HousingZone":979,"Plot":13,"Size":0,"PlacardLocation":{"X":-77.37854,"Y":1.90734863,"Z":59.1286621,"MagnitudeSqr":9487.275,"Magnitude":97.40265},"EntranceLocation":{"X":-80.80501,"Y":1.5,"Z":52.81158,"MagnitudeSqr":9320.762,"Magnitude":96.54409},"IsInSubdivision":false},"14":{"HousingZone":979,"Plot":14,"Size":0,"PlacardLocation":{"X":-18.4786987,"Y":-18.08197,"Z":-20.6150513,"MagnitudeSqr":1093.40027,"Magnitude":33.0666046},"EntranceLocation":{"X":-23.0583515,"Y":-18.5,"Z":-25.3605328,"MagnitudeSqr":1517.09424,"Magnitude":38.949894},"IsInSubdivision":false},"15":{"HousingZone":979,"Plot":15,"Size":0,"PlacardLocation":{"X":4.623413,"Y":-18.08197,"Z":-67.27704,"MagnitudeSqr":4874.533,"Magnitude":69.8178558},"EntranceLocation":{"X":-2.782171,"Y":-18.5,"Z":-71.04707,"MagnitudeSqr":5397.677,"Magnitude":73.46888},"IsInSubdivision":false},"16":{"HousingZone":979,"Plot":16,"Size":0,"PlacardLocation":{"X":-30.6553955,"Y":-8.1026,"Z":-106.889465,"MagnitudeSqr":12430.7627,"Magnitude":111.493332},"EntranceLocation":{"X":-32.4556427,"Y":-8.428769,"Z":-100.132614,"MagnitudeSqr":11150.9531,"Magnitude":105.598076},"IsInSubdivision":false},"17":{"HousingZone":979,"Plot":17,"Size":1,"PlacardLocation":{"X":-65.90375,"Y":1.90734863,"Z":-38.46808,"MagnitudeSqr":5826.735,"Magnitude":76.33305},"EntranceLocation":{"X":-71.75475,"Y":1.5,"Z":-42.96077,"MagnitudeSqr":6996.622,"Magnitude":83.64581},"IsInSubdivision":false},"18":{"HousingZone":979,"Plot":18,"Size":1,"PlacardLocation":{"X":-97.795105,"Y":11.9172363,"Z":-92.05774,"MagnitudeSqr":18180.5313,"Magnitude":134.8352},"EntranceLocation":{"X":-104.245644,"Y":11.5,"Z":-93.17743,"MagnitudeSqr":19681.4375,"Magnitude":140.290543},"IsInSubdivision":false},"19":{"HousingZone":979,"Plot":19,"Size":0,"PlacardLocation":{"X":-28.9768677,"Y":1.72418213,"Z":-142.320984,"MagnitudeSqr":21097.8926,"Magnitude":145.251129},"EntranceLocation":{"X":-35.4741058,"Y":1.60000014,"Z":-146.243958,"MagnitudeSqr":22648.2676,"Magnitude":150.493408},"IsInSubdivision":false},"20":{"HousingZone":979,"Plot":20,"Size":0,"PlacardLocation":{"X":-81.65106,"Y":1.81573486,"Z":-131.639648,"MagnitudeSqr":23999.19,"Magnitude":154.916718},"EntranceLocation":{"X":-77.22398,"Y":1.5,"Z":-136.188049,"MagnitudeSqr":24512.9785,"Magnitude":156.566208},"IsInSubdivision":false},"21":{"HousingZone":979,"Plot":21,"Size":1,"PlacardLocation":{"X":-76.3714,"Y":11.8867188,"Z":-170.336487,"MagnitudeSqr":34988.4023,"Magnitude":187.051865},"EntranceLocation":{"X":-72.08701,"Y":11.5,"Z":-175.108154,"MagnitudeSqr":35991.6523,"Magnitude":189.714661},"IsInSubdivision":false},"22":{"HousingZone":979,"Plot":22,"Size":2,"PlacardLocation":{"X":-110.704224,"Y":21.8966064,"Z":-139.879456,"MagnitudeSqr":32301.1484,"Magnitude":179.7252},"EntranceLocation":{"X":-117.475906,"Y":21.6,"Z":-136.026779,"MagnitudeSqr":32770.4336,"Magnitude":181.026062},"IsInSubdivision":false},"23":{"HousingZone":979,"Plot":23,"Size":0,"PlacardLocation":{"X":104.234375,"Y":-18.08197,"Z":-24.8569946,"MagnitudeSqr":11809.6328,"Magnitude":108.672134},"EntranceLocation":{"X":105.422356,"Y":-18.5,"Z":-31.0873051,"MagnitudeSqr":12422.5439,"Magnitude":111.456467},"IsInSubdivision":false},"24":{"HousingZone":979,"Plot":24,"Size":0,"PlacardLocation":{"X":118.486206,"Y":-18.4482422,"Z":-71.03082,"MagnitudeSqr":19424.6973,"Magnitude":139.372513},"EntranceLocation":{"X":124.908157,"Y":-18.4000015,"Z":-69.66904,"MagnitudeSqr":20794.3828,"Magnitude":144.202576},"IsInSubdivision":false},"25":{"HousingZone":979,"Plot":25,"Size":0,"PlacardLocation":{"X":84.70276,"Y":-18.08197,"Z":-70.1152344,"MagnitudeSqr":12417.66,"Magnitude":111.434555},"EntranceLocation":{"X":87.84145,"Y":-18.5,"Z":-77.17657,"MagnitudeSqr":14014.5938,"Magnitude":118.383247},"IsInSubdivision":false},"26":{"HousingZone":979,"Plot":26,"Size":1,"PlacardLocation":{"X":181.7196,"Y":-38.1018066,"Z":-32.0286865,"MagnitudeSqr":35499.5977,"Magnitude":188.413376},"EntranceLocation":{"X":184.910049,"Y":-38.5,"Z":-39.74533,"MagnitudeSqr":37253.668,"Magnitude":193.0121},"IsInSubdivision":false},"27":{"HousingZone":979,"Plot":27,"Size":0,"PlacardLocation":{"X":136.0951,"Y":-28.0919189,"Z":-94.80432,"MagnitudeSqr":28298.89,"Magnitude":168.222748},"EntranceLocation":{"X":142.396149,"Y":-28.5,"Z":-93.9914856,"MagnitudeSqr":29923.3125,"Magnitude":172.983566},"IsInSubdivision":false},"28":{"HousingZone":979,"Plot":28,"Size":0,"PlacardLocation":{"X":59.2507324,"Y":1.90734863,"Z":-139.543762,"MagnitudeSqr":22986.748,"Magnitude":151.613815},"EntranceLocation":{"X":53.87843,"Y":1.49999809,"Z":-134.976227,