{"1":{"HousingZone":341,"Plot":1,"Size":0,"PlacardLocation":{"X":-49.2409058,"Y":-2.3347168,"Z":-120.164856,"MagnitudeSqr":16869.71,"Magnitude":129.883453},"EntranceLocation":{"X":-45.069,"Y":-3.899999,"Z":-118.539,"MagnitudeSqr":48009.3125,"Magnitude":219.110275},"IsInSubdivision":false},"2":{"HousingZone":341,"Plot":2,"Size":0,"PlacardLocation":{"X":-50.18695,"Y":5.661072,"Z":-92.05774,"MagnitudeSqr":11025.4043,"Magnitude":105.001923},"EntranceLocation":{"X":-54.17587,"Y":4.000001,"Z":-91.22425,"MagnitudeSqr":11272.8887,"Magnitude":106.173859},"IsInSubdivision":false},"3":{"HousingZone":341,"Plot":3,"Size":0,"PlacardLocation":{"X":-70.66455,"Y":7.583679,"Z":-78.04993,"MagnitudeSqr":11142.7813,"Magnitude":105.559372},"EntranceLocation":{"X":-74.23927,"Y":6.000001,"Z":-75.85093,"MagnitudeSqr":11300.833,"Magnitude":106.305374},"IsInSubdivision":false},"4":{"HousingZone":341,"Plot":4,"Size":1,"PlacardLocation":{"X":-91.7525,"Y":-2.395752,"Z":-134.874573,"MagnitudeSqr":26615.41,"Magnitude":163.1423},"EntranceLocation":{"X":-87.26277,"Y":-3.999999,"Z":-135.165314,"MagnitudeSqr":25900.4531,"Magnitude":160.936172},"IsInSubdivision":false},"5":{"HousingZone":341,"Plot":5,"Size":2,"PlacardLocation":{"X":-103.624084,"Y":13.6262207,"Z":-77.47009,"MagnitudeSqr":16925.24,"Magnitude":130.097046},"EntranceLocation":{"X":-107.515564,"Y":12.0727615,"Z":-75.2943039,"MagnitudeSqr":17374.582,"Magnitude":131.812683},"IsInSubdivision":false},"6":{"HousingZone":341,"Plot":6,"Size":1,"PlacardLocation":{"X":-46.00598,"Y":1.663208,"Z":-46.8604736,"MagnitudeSqr":4315.2207,"Magnitude":65.69034},"EntranceLocation":{"X":-47.48096,"Y":0.09070206,"Z":-51.52724,"MagnitudeSqr":4909.507,"Magnitude":70.06787},"IsInSubdivision":false},"7":{"HousingZone":341,"Plot":7,"Size":0,"PlacardLocation":{"X":-87.5410156,"Y":9.536865,"Z":-39.35309,"MagnitudeSqr":9303.047,"Magnitude":96.4523},"EntranceLocation":{"X":-84.15252,"Y":7.999999,"Z":-41.93323,"MagnitudeSqr":8904.042,"Magnitude":94.36123},"IsInSubdivision":false},"8":{"HousingZone":341,"Plot":8,"Size":1,"PlacardLocation":{"X":-100.511169,"Y":11.581543,"Z":-23.51416,"MagnitudeSqr":10789.543,"Magnitude":103.872726},"EntranceLocation":{"X":-103.544174,"Y":10.0,"Z":-19.76519,"MagnitudeSqr":11212.06,"Magnitude":105.887016},"IsInSubdivision":false},"9":{"HousingZone":341,"Plot":9,"Size":0,"PlacardLocation":{"X":-155.169,"Y":13.5957642,"Z":-49.2409058,"MagnitudeSqr":26686.9316,"Magnitude":163.361359},"EntranceLocation":{"X":-151.490646,"Y":12.0999985,"Z":-51.71941,"MagnitudeSqr":25770.7227,"Magnitude":160.532623},"IsInSubdivision":false},"10":{"HousingZone":341,"Plot":10,"Size":0,"PlacardLocation":{"X":-142.2904,"Y":16.55597,"Z":-10.51355,"MagnitudeSqr":20631.1934,"Magnitude":143.63562},"EntranceLocation":{"X":-145.782715,"Y":15.1,"Z":-13.1474714,"MagnitudeSqr":21653.4648,"Magnitude":147.151169},"IsInSubdivision":false},"11":{"HousingZone":341,"Plot":11,"Size":1,"PlacardLocation":{"X":-144.701355,"Y":16.6170044,"Z":6.729187,"MagnitudeSqr":21259.8887,"Magnitude":145.807709},"EntranceLocation":{"X":-145.511642,"Y":15.0000038,"Z":11.13398,"MagnitudeSqr":21522.6035,"Magnitude":146.705841},"IsInSubdivision":false},"12":{"HousingZone":341,"Plot":12,"Size":1,"PlacardLocation":{"X":-130.144226,"Y":16.6170044,"Z":36.02649,"MagnitudeSqr":18511.5527,"Magnitude":136.057175},"EntranceLocation":{"X":-129.038208,"Y":15.0000038,"Z":31.3753262,"MagnitudeSqr":17860.27,"Magnitude":133.642319},"IsInSubdivision":false},"13":{"HousingZone":341,"Plot":13,"Size":2,"PlacardLocation":{"X":-87.44946,"Y":13.2294922,"Z":36.2401123,"MagnitudeSqr":9135.773,"Magnitude":95.58124},"EntranceLocation":{"X":-86.28442,"Y":11.618,"Z":31.9818535,"MagnitudeSqr":8602.817,"Magnitude":92.75137},"IsInSubdivision":false},"14":{"HousingZone":341,"Plot":14,"Size":0,"PlacardLocation":{"X":-31.9371948,"Y":-18.387146,"Z":5.142273,"MagnitudeSqr":1384.51453,"Magnitude":37.2090645},"EntranceLocation":{"X":-27.8861141,"Y":-19.9000015,"Z":6.95631742,"MagnitudeSqr":1222.03589,"Magnitude":34.95763},"IsInSubdivision":false},"15":{"HousingZone":341,"Plot":15,"Size":0,"PlacardLocation":{"X":0.6560669,"Y":-14.3893433,"Z":-32.6696167,"MagnitudeSqr":1274.78748,"Magnitude":35.7041664},"EntranceLocation":{"X":-3.405029,"Y":-16.02,"Z":-31.1818981,"MagnitudeSqr":1240.54541,"Magnitude":35.22138},"IsInSubdivision":false},"16":{"HousingZone":341,"Plot":16,"Size":0,"PlacardLocation":{"X":81.49841,"Y":-14.3893433,"Z":-32.4254761,"MagnitudeSqr":7900.456,"Magnitude":88.88451},"EntranceLocation":{"X":77.42162,"Y":-15.999999,"Z":-32.0296822,"MagnitudeSqr":7276.0083,"Magnitude":85.29952},"IsInSubdivision":false},"17":{"HousingZone":341,"Plot":17,"Size":0,"PlacardLocation":{"X":59.00659,"Y":-18.387146,"Z":-12.64978,"MagnitudeSqr":3979.88184,"Magnitude":63.0863037},"EntranceLocation":{"X":62.9405479,"Y":-19.9,"Z":-10.6434612,"MagnitudeSqr":4470.80566,"Magnitude":66.86408},"IsInSubdivision":false},"18":{"HousingZone":341,"Plot":18,"Size":0,"PlacardLocation":{"X":58.121582,"Y":-22.4155884,"Z":29.3430176,"MagnitudeSqr":4741.59,"Magnitude":68.8592},"EntranceLocation":{"X":61.5615158,"Y":-24.0,"Z":26.7966175,"MagnitudeSqr":5083.879,"Magnitude":71.30132},"IsInSubdivision":false},"19":{"HousingZone":341,"Plot":19,"Size":1,"PlacardLocation":{"X":25.4367676,"Y":-22.4460449,"Z":52.2926025,"MagnitudeSqr":3885.37061,"Magnitude":62.33274},"EntranceLocation":{"X":29.4578362,"Y":-24.0,"Z":50.04027,"MagnitudeSqr":3947.793,"Magnitude":62.8314667},"IsInSubdivision":false},"20":{"HousingZone":341,"Plot":20,"Size":0,"PlacardLocation":{"X":-8.041565,"Y":-22.4155884,"Z":67.15491,"MagnitudeSqr":5076.907,"Magnitude":71.25242},"EntranceLocation":{"X":-3.92917228,"Y":-24.0000038,"Z":69.19208,"MagnitudeSqr":5378.982,"Magnitude":73.3415451},"IsInSubdivision":false},"21":{"HousingZone":341,"Plot":21,"Size":0,"PlacardLocation":{"X":79.27063,"Y":-24.4602661,"Z":-73.44171,"MagnitudeSqr":12275.8223,"Magnitude":110.79631},"EntranceLocation":{"X":83.48026,"Y":-25.9,"Z":-74.7238541,"MagnitudeSqr":13223.418,"Magnitude":114.993118},"IsInSubdivision":false},"22":{"HousingZone":341,"Plot":22,"Size":0,"PlacardLocation":{"X":110.398926,"Y":-12.40564,"Z":-24.0025024,"MagnitudeSqr":12917.9424,"Magnitude":113.657127},"EntranceLocation":{"X":106.159813,"Y":-13.9093037,"Z":-24.53745,"MagnitudeSqr":12065.4619,"Magnitude":109.842896},"IsInSubdivision":false},"23":{"HousingZone":341,"Plot":23,"Size":0,"PlacardLocation":{"X":121.202393,"Y":-16.4034424,"Z":-44.7242432,"MagnitudeSqr":16959.3516,"Magnitude":130.228073},"EntranceLocation":{"X":121.32637,"Y":-17.9763222,"Z":-49.4534531,"MagnitudeSqr":17488.88,"Magnitude":132.245529},"IsInSubdivision":false},"24":{"HousingZone":341,"Plot":24,"Size":0,"PlacardLocation":{"X":152.422363,"Y":-24.3687134,"Z":-19.21112,"MagnitudeSqr":24195.4766,"Magnitude":155.54895},"EntranceLocation":{"X":148.745911,"Y":-26.0,"Z":-21.0481663,"MagnitudeSqr":23244.3711,"Magnitude":152.461044},"IsInSubdivision":false},"25":{"HousingZone":341,"Plot":25,"Size":1,"PlacardLocation":{"X":140.642334,"Y":-26.3829346,"Z":-3.982666,"MagnitudeSqr":20492.1855,"Magnitude":143.150925},"EntranceLocation":{"X":138.9923,"Y":-27.9999981,"Z":0.196086913,"MagnitudeSqr":20102.8965,"Magnitude":141.784683},"IsInSubdivision":false},"26":{"HousingZone":341,"Plot":26,"Size":0,"PlacardLocation":{"X":132.829712,"Y":-26.352356,"Z":32.059082,"MagnitudeSqr":19365.9648,"Magnitude":139.161652},"EntranceLocation":{"X":131.088379,"Y":-28.0,"Z":36.0957642,"MagnitudeSqr":19271.0664,"Magnitude":138.820267},"IsInSubdivision":false},"27":{"HousingZone":341,"Plot":27,"Size":0,"PlacardLocation":{"X":122.0874,"Y":-34.3480835,"Z":59.1286621,"MagnitudeSqr":19581.3242,"Magnitude":139.933289},"EntranceLocation":{"X":126.147713,"Y":-35.9,"Z":61.0642128,"MagnitudeSqr":20930.8926,"Magnitude":144.675125},"IsInSubdivision":false},"28":{"HousingZone":341,"Plot":28,"Size":0,"PlacardLocation":{"X":94.13281,"Y":-34.3480835,"Z":78.3551,"MagnitudeSqr":16180.2988,"Magnitude":127.201805},