{"1":{"HousingZone":340,"Plot":1,"Size":1,"PlacardLocation":{"X":126.7262,"Y":47.80652,"Z":-81.83417,"MagnitudeSqr":25041.8242,"Magnitude":158.2461},"EntranceLocation":{"X":-791.284058,"Y":20.1,"Z":-571.4673,"MagnitudeSqr":953109.25,"Magnitude":976.273132},"IsInSubdivision":false},"2":{"HousingZone":340,"Plot":2,"Size":0,"PlacardLocation":{"X":75.54736,"Y":52.56726,"Z":-86.7780762,"MagnitudeSqr":16001.1553,"Magnitude":126.495674},"EntranceLocation":{"X":78.08634,"Y":51.1,"Z":-89.65479,"MagnitudeSqr":16746.668,"Magnitude":129.40892},"IsInSubdivision":false},"3":{"HousingZone":340,"Plot":3,"Size":2,"PlacardLocation":{"X":103.746094,"Y":60.1052246,"Z":-160.69281,"MagnitudeSqr":40198.07,"Magnitude":200.494568},"EntranceLocation":{"X":108.143105,"Y":58.4999924,"Z":-160.287231,"MagnitudeSqr":40809.1758,"Magnitude":202.012817},"IsInSubdivision":false},"4":{"HousingZone":340,"Plot":4,"Size":0,"PlacardLocation":{"X":51.3770752,"Y":56.0462646,"Z":-74.815,"MagnitudeSqr":11378.0723,"Magnitude":106.668045},"EntranceLocation":{"X":49.70094,"Y":54.4999962,"Z":-78.2965546,"MagnitudeSqr":11570.7832,"Magnitude":107.567574},"IsInSubdivision":false},"5":{"HousingZone":340,"Plot":5,"Size":1,"PlacardLocation":{"X":68.5282,"Y":36.0570068,"Z":-13.0770264,"MagnitudeSqr":6167.23047,"Magnitude":78.5317154},"EntranceLocation":{"X":71.42029,"Y":34.5,"Z":-16.4836578,"MagnitudeSqr":6562.81836,"Magnitude":81.01122},"IsInSubdivision":false},"6":{"HousingZone":340,"Plot":6,"Size":2,"PlacardLocation":{"X":120.378296,"Y":25.16211,"Z":14.90802,"MagnitudeSqr":15346.3154,"Magnitude":123.880249},"EntranceLocation":{"X":124.031776,"Y":23.4999943,"Z":14.4633989,"MagnitudeSqr":16145.3213,"Magnitude":127.06424},"IsInSubdivision":false},"7":{"HousingZone":340,"Plot":7,"Size":0,"PlacardLocation":{"X":112.413208,"Y":11.1848145,"Z":64.62195,"MagnitudeSqr":16937.8242,"Magnitude":130.1454},"EntranceLocation":{"X":115.653709,"Y":9.625,"Z":62.00461,"MagnitudeSqr":17312.9922,"Magnitude":131.578842},"IsInSubdivision":false},"8":{"HousingZone":340,"Plot":8,"Size":0,"PlacardLocation":{"X":92.3322754,"Y":10.36084,"Z":74.69287,"MagnitudeSqr":14211.6211,"Magnitude":119.2125},"EntranceLocation":{"X":92.2013245,"Y":8.85,"Z":70.93068,"MagnitudeSqr":13610.5674,"Magnitude":116.664337},"IsInSubdivision":false},"9":{"HousingZone":340,"Plot":9,"Size":0,"PlacardLocation":{"X":112.016479,"Y":9.65887451,"Z":91.87451,"MagnitudeSqr":21081.91,"Magnitude":145.1961},"EntranceLocation":{"X":115.269,"Y":8.021203,"Z":94.88574,"MagnitudeSqr":22354.5859,"Magnitude":149.5145},"IsInSubdivision":false},"10":{"HousingZone":340,"Plot":10,"Size":0,"PlacardLocation":{"X":86.0150146,"Y":9.353699,"Z":100.602661,"MagnitudeSqr":17606.9688,"Magnitude":132.691254},"EntranceLocation":{"X":84.4914551,"Y":7.84999943,"Z":97.04245,"MagnitudeSqr":16617.666,"Magnitude":128.909531},"IsInSubdivision":false},"11":{"HousingZone":340,"Plot":11,"Size":1,"PlacardLocation":{"X":48.8441162,"Y":6.63763428,"Z":149.401123,"MagnitudeSqr":24750.502,"Magnitude":157.322922},"EntranceLocation":{"X":51.92299,"Y":5.0,"Z":146.700546,"MagnitudeSqr":24242.0469,"Magnitude":155.698578},"IsInSubdivision":false},"12":{"HousingZone":340,"Plot":12,"Size":0,"PlacardLocation":{"X":77.07324,"Y":26.565918,"Z":25.4367676,"MagnitudeSqr":7293.062,"Magnitude":85.39943},"EntranceLocation":{"X":74.86683,"Y":25.0,"Z":22.5941162,"MagnitudeSqr":6740.536,"Magnitude":82.10077},"IsInSubdivision":false},"13":{"HousingZone":340,"Plot":13,"Size":0,"PlacardLocation":{"X":41.0008545,"Y":35.62976,"Z":12.6496582,"MagnitudeSqr":3110.56372,"Magnitude":55.7724266},"EntranceLocation":{"X":38.2173958,"Y":34.0,"Z":10.35437,"MagnitudeSqr":2723.78223,"Magnitude":52.18987},"IsInSubdivision":false},"14":{"HousingZone":340,"Plot":14,"Size":0,"PlacardLocation":{"X":44.9072266,"Y":21.10321,"Z":46.5551758,"MagnitudeSqr":4629.38867,"Magnitude":68.03961},"EntranceLocation":{"X":42.4444,"Y":19.5,"Z":43.58824,"MagnitudeSqr":4081.712,"Magnitude":63.8882751},"IsInSubdivision":false},"15":{"HousingZone":340,"Plot":15,"Size":0,"PlacardLocation":{"X":24.9790039,"Y":10.60498,"Z":84.73328,"MagnitudeSqr":7916.14453,"Magnitude":88.97272},"EntranceLocation":{"X":22.2408772,"Y":9.0,"Z":81.4741,"MagnitudeSqr":7213.68555,"Magnitude":84.93342},"IsInSubdivision":false},"16":{"HousingZone":340,"Plot":16,"Size":1,"PlacardLocation":{"X":-82.96338,"Y":9.353699,"Z":112.993042,"MagnitudeSqr":19737.8418,"Magnitude":140.491425},"EntranceLocation":{"X":-82.80713,"Y":7.75,"Z":108.814835,"MagnitudeSqr":18757.75,"Magnitude":136.958939},"IsInSubdivision":false},"17":{"HousingZone":340,"Plot":17,"Size":0,"PlacardLocation":{"X":-41.33673,"Y":11.6425781,"Z":85.3741455,"MagnitudeSqr":9133.02,"Magnitude":95.56683},"EntranceLocation":{"X":-37.9511642,"Y":10.0,"Z":86.31725,"MagnitudeSqr":8990.959,"Magnitude":94.82067},"IsInSubdivision":false},"18":{"HousingZone":340,"Plot":18,"Size":0,"PlacardLocation":{"X":-17.7767944,"Y":22.5985718,"Z":47.62329,"MagnitudeSqr":3094.6875,"Magnitude":55.6299171},"EntranceLocation":{"X":-20.23855,"Y":20.9999981,"Z":44.3447151,"MagnitudeSqr":2817.05249,"Magnitude":53.0759125},"IsInSubdivision":false},"19":{"HousingZone":340,"Plot":19,"Size":0,"PlacardLocation":{"X":-70.96979,"Y":23.086853,"Z":53.0250244,"MagnitudeSqr":8381.367,"Magnitude":91.5498047},"EntranceLocation":{"X":-72.359024,"Y":21.5,"Z":49.0137367,"MagnitudeSqr":8100.425,"Magnitude":90.00236},"IsInSubdivision":false},"20":{"HousingZone":340,"Plot":20,"Size":0,"PlacardLocation":{"X":-21.5610352,"Y":34.62268,"Z":-2.05999756,"MagnitudeSqr":1667.85168,"Magnitude":40.83934},"EntranceLocation":{"X":-19.1195736,"Y":33.0,"Z":1.251743,"MagnitudeSqr":1456.125,"Magnitude":38.1592064},"IsInSubdivision":false},"21":{"HousingZone":340,"Plot":21,"Size":1,"PlacardLocation":{"X":-60.8987427,"Y":32.12024,"Z":14.2060547,"MagnitudeSqr":4942.178,"Magnitude":70.30063},"EntranceLocation":{"X":-57.962307,"Y":30.5999966,"Z":12.0156755,"MagnitudeSqr":4440.365,"Magnitude":66.63606},"IsInSubdivision":false},"22":{"HousingZone":340,"Plot":22,"Size":0,"PlacardLocation":{"X":-24.1245728,"Y":43.0456543,"Z":-33.40204,"MagnitudeSqr":3550.61963,"Magnitude":59.5870743},"EntranceLocation":{"X":-26.58977,"Y":41.5,"Z":-36.6548157,"MagnitudeSqr":3772.84131,"Magnitude":61.42346},"IsInSubdivision":false},"23":{"HousingZone":340,"Plot":23,"Size":0,"PlacardLocation":{"X":-78.3551,"Y":33.6156,"Z":-38.5291138,"MagnitudeSqr":8754.022,"Magnitude":93.5629349},"EntranceLocation":{"X":-76.33629,"Y":31.9999981,"Z":-35.576725,"MagnitudeSqr":8116.93262,"Magnitude":90.0940247},"IsInSubdivision":false},"24":{"HousingZone":340,"Plot":24,"Size":0,"PlacardLocation":{"X":-32.4254761,"Y":48.569458,"Z":-62.36371,"MagnitudeSqr":7299.63574,"Magnitude":85.4379044},"EntranceLocation":{"X":-34.49368,"Y":47.05331,"Z":-65.36939,"MagnitudeSqr":7676.985,"Magnitude":87.61841},"IsInSubdivision":false},"25":{"HousingZone":340,"Plot":25,"Size":0,"PlacardLocation":{"X":-17.1054077,"Y":47.989624,"Z":-75.76111,"MagnitudeSqr":8335.345,"Magnitude":91.29811},"EntranceLocation":{"X":-14.9460783,"Y":46.6,"Z":-72.93953,"MagnitudeSqr":7715.12,"Magnitude":87.8357544},"IsInSubdivision":false},"26":{"HousingZone":340,"Plot":26,"Size":0,"PlacardLocation":{"X":-28.0919189,"Y":58.1826172,"Z":-119.371338,"MagnitudeSqr":18423.89,"Magnitude":135.734634},"EntranceLocation":{"X":-30.7254238,"Y":56.51324,"Z":-116.962013,"MagnitudeSqr":17817.91,"Magnitude":133.483749},"IsInSubdivision":false},"27":{"HousingZone":340,"Plot":27,"Size":1,"PlacardLocation":{"X":-98.25293,"Y":33.1578369,"Z":-32.791687,"MagnitudeSqr":11828.376,"Magnitude":108.758339},"EntranceLocation":{"X":-99.63753,"Y":31.6,"Z":-36.1941147,"MagnitudeSqr":12236.21,"Magnitude":110.6174},"IsInSubdivision":false},"28":{"HousingZone":340,"Plot":28,"Size":2,"PlacardLocation":{"X":-114.122314,"Y":29.1293945,"Z":-103.562988,"MagnitudeSqr":24597.7168,"Magnitude":156.8366},"EntranceLocation":{"X":-115.01403,"Y":27.56441,"Z":-106.54911,"MagnitudeSqr":25340.7383,"Magnitude":159.187744},