{"1":{"HousingZone":339,"Plot":1,"Size":1,"PlacardLocation":{"X":-55.1918945,"Y":41.5197754,"Z":-104.753235,"MagnitudeSqr":15743.2773,"Magnitude":125.472214},"EntranceLocation":{"X":-57.35543,"Y":40,"Z":-107.9916,"MagnitudeSqr":22607.6641,"Magnitude":150.358459},"IsInSubdivision":false},"2":{"HousingZone":339,"Plot":2,"Size":2,"PlacardLocation":{"X":-121.599182,"Y":35.5687256,"Z":-83.84839,"MagnitudeSqr":23082.0488,"Magnitude":151.92778},"EntranceLocation":{"X":-130.644669,"Y":36.056736,"Z":-86.4466858,"MagnitudeSqr":25841.1465,"Magnitude":160.751816},"IsInSubdivision":false},"3":{"HousingZone":339,"Plot":3,"Size":0,"PlacardLocation":{"X":-93.09534,"Y":32.1812744,"Z":-73.04492,"MagnitudeSqr":15037.9375,"Magnitude":122.629265},"EntranceLocation":{"X":-91.9584351,"Y":31.9999638,"Z":-64.35096,"MagnitudeSqr":13621.3975,"Magnitude":116.710739},"IsInSubdivision":false},"4":{"HousingZone":339,"Plot":4,"Size":1,"PlacardLocation":{"X":-75.1506958,"Y":19.3942261,"Z":-20.5539551,"MagnitudeSqr":6446.228,"Magnitude":80.28841},"EntranceLocation":{"X":-78.58864,"Y":18.07774,"Z":-15.658802,"MagnitudeSqr":6748.177,"Magnitude":82.1472855},"IsInSubdivision":false},"5":{"HousingZone":339,"Plot":5,"Size":2,"PlacardLocation":{"X":-123.857544,"Y":19.97406,"Z":17.8988037,"MagnitudeSqr":16060.0215,"Magnitude":126.728142},"EntranceLocation":{"X":-129.601089,"Y":19.9999962,"Z":17.3694267,"MagnitudeSqr":17498.14,"Magnitude":132.280533},"IsInSubdivision":false},"6":{"HousingZone":339,"Plot":6,"Size":1,"PlacardLocation":{"X":-51.4076538,"Y":14.6028442,"Z":5.32537842,"MagnitudeSqr":2884.34961,"Magnitude":53.7061424},"EntranceLocation":{"X":-46.0291824,"Y":14.0906982,"Z":6.3401165,"MagnitudeSqr":2357.43042,"Magnitude":48.5533752},"IsInSubdivision":false},"7":{"HousingZone":339,"Plot":7,"Size":1,"PlacardLocation":{"X":-37.0031738,"Y":25.7419434,"Z":-37.30841,"MagnitudeSqr":3423.8,"Magnitude":58.51325},"EntranceLocation":{"X":-39.2266235,"Y":24.0699978,"Z":-42.6421928,"MagnitudeSqr":3936.44922,"Magnitude":62.741127},"IsInSubdivision":false},"8":{"HousingZone":339,"Plot":8,"Size":0,"PlacardLocation":{"X":-24.8264771,"Y":37.52185,"Z":-83.60425,"MagnitudeSqr":9013.914,"Magnitude":94.9416351},"EntranceLocation":{"X":-21.8474426,"Y":35.99997,"Z":-88.01116,"MagnitudeSqr":9519.273,"Magnitude":97.5667648},"IsInSubdivision":false},"9":{"HousingZone":339,"Plot":9,"Size":0,"PlacardLocation":{"X":52.8114,"Y":39.56665,"Z":-100.38916,"MagnitudeSqr":14432.5469,"Magnitude":120.135536},"EntranceLocation":{"X":48.8577156,"Y":37.99997,"Z":-95.81692,"MagnitudeSqr":13011.9561,"Magnitude":114.069962},"IsInSubdivision":false},"10":{"HousingZone":339,"Plot":10,"Size":0,"PlacardLocation":{"X":64.16406,"Y":41.58081,"Z":-110.88739,"MagnitudeSqr":18142.0039,"Magnitude":134.692261},"EntranceLocation":{"X":67.5363541,"Y":41.99997,"Z":-115.061287,"MagnitudeSqr":19564.2559,"Magnitude":139.872284},"IsInSubdivision":false},"11":{"HousingZone":339,"Plot":11,"Size":0,"PlacardLocation":{"X":16.8306885,"Y":26.5964355,"Z":-49.17987,"MagnitudeSqr":3409.30225,"Magnitude":58.38923},"EntranceLocation":{"X":13.20515,"Y":24.99997,"Z":-52.6158447,"MagnitudeSqr":3567.80151,"Magnitude":59.7310753},"IsInSubdivision":false},"12":{"HousingZone":339,"Plot":12,"Size":0,"PlacardLocation":{"X":50.6446533,"Y":26.5964355,"Z":-44.2053833,"MagnitudeSqr":5226.367,"Magnitude":72.29362},"EntranceLocation":{"X":47.25787,"Y":25.99997,"Z":-49.3749046,"MagnitudeSqr":5347.18555,"Magnitude":73.12445},"IsInSubdivision":false},"13":{"HousingZone":339,"Plot":13,"Size":0,"PlacardLocation":{"X":72.46509,"Y":19.2720947,"Z":-19.1500854,"MagnitudeSqr":5989.328,"Magnitude":77.39075},"EntranceLocation":{"X":67.97375,"Y":17.99997,"Z":-21.6176777,"MagnitudeSqr":5411.753,"Magnitude":73.56462},"IsInSubdivision":false},"14":{"HousingZone":339,"Plot":14,"Size":1,"PlacardLocation":{"X":104.173218,"Y":30.6248779,"Z":-59.8917236,"MagnitudeSqr":15376.9609,"Magnitude":124.003876},"EntranceLocation":{"X":99.14175,"Y":29.1000137,"Z":-59.26249,"MagnitudeSqr":14187.9395,"Magnitude":119.113136},"IsInSubdivision":false},"15":{"HousingZone":339,"Plot":15,"Size":2,"PlacardLocation":{"X":125.993774,"Y":45.5786133,"Z":-88.51758,"MagnitudeSqr":25787.2031,"Magnitude":160.583939},"EntranceLocation":{"X":131.565292,"Y":46.0,"Z":-88.07707,"MagnitudeSqr":27182.9961,"Magnitude":164.872665},"IsInSubdivision":false},"16":{"HousingZone":339,"Plot":16,"Size":0,"PlacardLocation":{"X":123.155518,"Y":29.7398682,"Z":-41.3062134,"MagnitudeSqr":17757.9453,"Magnitude":133.258942},"EntranceLocation":{"X":125.636856,"Y":28.0906658,"Z":-38.144577,"MagnitudeSqr":18028.7148,"Magnitude":134.271057},"IsInSubdivision":false},"17":{"HousingZone":339,"Plot":17,"Size":0,"PlacardLocation":{"X":97.30664,"Y":23.63617,"Z":-25.3452759,"MagnitudeSqr":10669.6338,"Magnitude":103.293922},"EntranceLocation":{"X":100.999977,"Y":21.99997,"Z":-23.8864784,"MagnitudeSqr":11255.5576,"Magnitude":106.092216},"IsInSubdivision":false},"18":{"HousingZone":339,"Plot":18,"Size":0,"PlacardLocation":{"X":85.1300049,"Y":17.6546631,"Z":-0.6256714,"MagnitudeSqr":7559.19629,"Magnitude":86.94364},"EntranceLocation":{"X":83.01888,"Y":16.9999714,"Z":3.84024882,"MagnitudeSqr":7195.88135,"Magnitude":84.8285446},"IsInSubdivision":false},"19":{"HousingZone":339,"Plot":19,"Size":0,"PlacardLocation":{"X":33.21875,"Y":7.583679,"Z":37.15564,"MagnitudeSqr":2541.539,"Magnitude":50.41368},"EntranceLocation":{"X":37.9783859,"Y":8.09997,"Z":34.616,"MagnitudeSqr":2706.23486,"Magnitude":52.0214844},"IsInSubdivision":false},"20":{"HousingZone":339,"Plot":20,"Size":0,"PlacardLocation":{"X":55.22229,"Y":5.783081,"Z":47.68445,"MagnitudeSqr":5356.752,"Magnitude":73.1898346},"EntranceLocation":{"X":60.6543045,"Y":5.99996853,"Z":45.530262,"MagnitudeSqr":5787.94873,"Magnitude":76.07857},"IsInSubdivision":false},"21":{"HousingZone":339,"Plot":21,"Size":0,"PlacardLocation":{"X":75.05908,"Y":4.68450928,"Z":61.4785156,"MagnitudeSqr":9435.418,"Magnitude":97.13608},"EntranceLocation":{"X":81.30532,"Y":4.99996948,"Z":60.1536064,"MagnitudeSqr":10254.0107,"Magnitude":101.262093},"IsInSubdivision":false},"22":{"HousingZone":339,"Plot":22,"Size":0,"PlacardLocation":{"X":132.738159,"Y":19.4857788,"Z":63.3707275,"MagnitudeSqr":22014.9629,"Magnitude":148.3744},"EntranceLocation":{"X":129.950256,"Y":17.99997,"Z":59.828392,"MagnitudeSqr":20790.5039,"Magnitude":144.189133},"IsInSubdivision":false},"23":{"HousingZone":339,"Plot":23,"Size":0,"PlacardLocation":{"X":124.8645,"Y":19.2720947,"Z":27.359375,"MagnitudeSqr":16711.0938,"Magnitude":129.2714},"EntranceLocation":{"X":122.289345,"Y":17.9999714,"Z":32.06504,"MagnitudeSqr":16306.85,"Magnitude":127.698273},"IsInSubdivision":false},"24":{"HousingZone":339,"Plot":24,"Size":0,"PlacardLocation":{"X":146.471313,"Y":23.6056519,"Z":6.82073975,"MagnitudeSqr":22057.5957,"Magnitude":148.518},"EntranceLocation":{"X":150.093842,"Y":21.99997,"Z":5.1340766,"MagnitudeSqr":23038.52,"Magnitude":151.784454},"IsInSubdivision":false},"25":{"HousingZone":339,"Plot":25,"Size":0,"PlacardLocation":{"X":174.791992,"Y":33.5545654,"Z":31.5404053,"MagnitudeSqr":32672.9453,"Magnitude":180.756592},"EntranceLocation":{"X":172.384369,"Y":31.9999714,"Z":28.0270081,"MagnitudeSqr":31525.8828,"Magnitude":177.5553},"IsInSubdivision":false},"26":{"HousingZone":339,"Plot":26,"Size":0,"PlacardLocation":{"X":155.138428,"Y":29.67871,"Z":52.475708,"MagnitudeSqr":27702.457,"Magnitude":166.440552},"EntranceLocation":{"X":157.297562,"Y":27.99997,"Z":56.0688858,"MagnitudeSqr":28670.2422,"Magnitude":169.322891},"IsInSubdivision":false},"27":{"HousingZone":339,"Plot":27,"Size":0,"PlacardLocation":{"X":182.482544,"Y":37.6134033,"Z":6.85125732,"MagnitudeSqr":34761.59,"Magnitude":186.4446},"EntranceLocation":{"X":185.891022,"Y":35.99997,"Z":4.360922,"MagnitudeSqr":35870.49,"Magnitude":189.395065},"IsInSubdivision":false},"28":{"HousingZone":339,"Plot":28,"Size":0,"PlacardLocation":{"X":203.051758,"Y":41.61133,"Z":37.9490967,"MagnitudeSqr":44401.6523,"Magnitude":210.717},