{"1":{"HousingZone":641,"Plot":1,"Size":1,"PlacardLocation":{"X":-18.0515137,"Y":1.99890137,"Z":123.6438,"MagnitudeSqr":15617.6416,"Magnitude":124.970566},"EntranceLocation":{"X":-116.6029,"Y":2.02,"Z":150.8374,"MagnitudeSqr":36352.24,"Magnitude":190.662628},"IsInSubdivision":false},"2":{"HousingZone":641,"Plot":2,"Size":0,"PlacardLocation":{"X":-15.0301514,"Y":14.5112915,"Z":81.40686,"MagnitudeSqr":7063.56,"Magnitude":84.04499},"EntranceLocation":{"X":-16.3205776,"Y":14.52,"Z":77.8957443,"MagnitudeSqr":6544.939,"Magnitude":80.900795},"IsInSubdivision":false},"3":{"HousingZone":641,"Plot":3,"Size":0,"PlacardLocation":{"X":15.3963013,"Y":5.996765,"Z":133.684326,"MagnitudeSqr":18144.5078,"Magnitude":134.701553},"EntranceLocation":{"X":15.3393288,"Y":6.12,"Z":130.005188,"MagnitudeSqr":17174.1,"Magnitude":131.049988},"IsInSubdivision":false},"4":{"HousingZone":641,"Plot":4,"Size":0,"PlacardLocation":{"X":16.3728638,"Y":19.97406,"Z":69.3216553,"MagnitudeSqr":5472.52539,"Magnitude":73.97652},"EntranceLocation":{"X":12.7338324,"Y":20.0199986,"Z":69.56485,"MagnitudeSqr":5402.219,"Magnitude":73.499794},"IsInSubdivision":false},"5":{"HousingZone":641,"Plot":5,"Size":0,"PlacardLocation":{"X":30.7773438,"Y":20.0045166,"Z":72.3735352,"MagnitudeSqr":6585.35449,"Magnitude":81.1502},"EntranceLocation":{"X":34.4305229,"Y":20.02,"Z":72.3648,"MagnitudeSqr":6822.92529,"Magnitude":82.601},"IsInSubdivision":false},"6":{"HousingZone":641,"Plot":6,"Size":0,"PlacardLocation":{"X":41.7334,"Y":9.994568,"Z":111.955322,"MagnitudeSqr":14375.5625,"Magnitude":119.898132},"EntranceLocation":{"X":44.8958244,"Y":10.02,"Z":110.087852,"MagnitudeSqr":14235.37,"Magnitude":119.312073},"IsInSubdivision":false},"7":{"HousingZone":641,"Plot":7,"Size":2,"PlacardLocation":{"X":53.94055,"Y":9.994568,"Z":118.760864,"MagnitudeSqr":17113.6172,"Magnitude":130.819031},"EntranceLocation":{"X":49.75015,"Y":10.0199986,"Z":121.148918,"MagnitudeSqr":17252.54,"Magnitude":131.348923},"IsInSubdivision":false},"8":{"HousingZone":641,"Plot":8,"Size":1,"PlacardLocation":{"X":103.257813,"Y":10.60498,"Z":114.732544,"MagnitudeSqr":23938.2,"Magnitude":154.719742},"EntranceLocation":{"X":104.839172,"Y":11.6999989,"Z":119.365013,"MagnitudeSqr":25376.1484,"Magnitude":159.298935},"IsInSubdivision":false},"9":{"HousingZone":641,"Plot":9,"Size":0,"PlacardLocation":{"X":102.739014,"Y":15.9761353,"Z":87.87671,"MagnitudeSqr":18532.8574,"Magnitude":136.135437},"EntranceLocation":{"X":99.02289,"Y":16.12,"Z":86.8326645,"MagnitudeSqr":17605.2988,"Magnitude":132.684967},"IsInSubdivision":false},"10":{"HousingZone":641,"Plot":10,"Size":0,"PlacardLocation":{"X":110.7041,"Y":21.98816,"Z":58.0605469,"MagnitudeSqr":16109.9053,"Magnitude":126.924805},"EntranceLocation":{"X":110.025017,"Y":22.0199966,"Z":62.10462,"MagnitudeSqr":16447.3672,"Magnitude":128.247284},"IsInSubdivision":false},"11":{"HousingZone":641,"Plot":11,"Size":0,"PlacardLocation":{"X":76.06616,"Y":21.98816,"Z":50.4920654,"MagnitudeSqr":8818.988,"Magnitude":93.90947},"EntranceLocation":{"X":79.29021,"Y":22.02,"Z":52.3690224,"MagnitudeSqr":9514.332,"Magnitude":97.5414352},"IsInSubdivision":false},"12":{"HousingZone":641,"Plot":12,"Size":0,"PlacardLocation":{"X":49.149292,"Y":25.986084,"Z":32.3033447,"MagnitudeSqr":4134.43555,"Magnitude":64.2995758},"EntranceLocation":{"X":53.2865448,"Y":26.02,"Z":31.7570248,"MagnitudeSqr":4525.005,"Magnitude":67.26816},"IsInSubdivision":false},"13":{"HousingZone":641,"Plot":13,"Size":1,"PlacardLocation":{"X":56.65674,"Y":30.6552734,"Z":-2.63989258,"MagnitudeSqr":4156.701,"Magnitude":64.47248},"EntranceLocation":{"X":61.0123024,"Y":31.6899967,"Z":-5.05721045,"MagnitudeSqr":4752.332,"Magnitude":68.93716},"IsInSubdivision":false},"14":{"HousingZone":641,"Plot":14,"Size":0,"PlacardLocation":{"X":93.15625,"Y":29.9840088,"Z":13.1074829,"MagnitudeSqr":9748.934,"Magnitude":98.73669},"EntranceLocation":{"X":97.05846,"Y":30.02,"Z":13.2043133,"MagnitudeSqr":10495.8975,"Magnitude":102.449486},"IsInSubdivision":false},"15":{"HousingZone":641,"Plot":15,"Size":1,"PlacardLocation":{"X":120.98877,"Y":33.98181,"Z":17.3800049,"MagnitudeSqr":16095.11,"Magnitude":126.866508},"EntranceLocation":{"X":120.349052,"Y":34.02,"Z":21.3270168,"MagnitudeSqr":16096.0967,"Magnitude":126.870392},"IsInSubdivision":false},"16":{"HousingZone":641,"Plot":16,"Size":2,"PlacardLocation":{"X":115.617554,"Y":39.9938965,"Z":-15.0301514,"MagnitudeSqr":15192.8359,"Magnitude":123.259224},"EntranceLocation":{"X":120.0685,"Y":40.0721855,"Z":-13.8459578,"MagnitudeSqr":16213.9355,"Magnitude":127.333954},"IsInSubdivision":false},"17":{"HousingZone":641,"Plot":17,"Size":0,"PlacardLocation":{"X":-115.098877,"Y":1.99890137,"Z":64.56079,"MagnitudeSqr":17419.8438,"Magnitude":131.984253},"EntranceLocation":{"X":-114.474045,"Y":2.01999831,"Z":68.082756,"MagnitudeSqr":17743.6484,"Magnitude":133.205292},"IsInSubdivision":false},"18":{"HousingZone":641,"Plot":18,"Size":0,"PlacardLocation":{"X":-95.07898,"Y":14.4807739,"Z":27.2678223,"MagnitudeSqr":9993.239,"Magnitude":99.9661942},"EntranceLocation":{"X":-95.31925,"Y":14.52,"Z":31.2497616,"MagnitudeSqr":10273.1377,"Magnitude":101.356491},"IsInSubdivision":false},"19":{"HousingZone":641,"Plot":19,"Size":1,"PlacardLocation":{"X":-124.986633,"Y":1.99890137,"Z":64.62195,"MagnitudeSqr":19801.65,"Magnitude":140.718338},"EntranceLocation":{"X":-124.641052,"Y":2.02,"Z":60.6081238,"MagnitudeSqr":19212.8164,"Magnitude":138.6103},"IsInSubdivision":false},"20":{"HousingZone":641,"Plot":20,"Size":0,"PlacardLocation":{"X":-120.012268,"Y":9.994568,"Z":17.1358643,"MagnitudeSqr":14796.4736,"Magnitude":121.640755},"EntranceLocation":{"X":-116.099472,"Y":10.02,"Z":18.3155613,"MagnitudeSqr":13914.9482,"Magnitude":117.961639},"IsInSubdivision":false},"21":{"HousingZone":641,"Plot":21,"Size":0,"PlacardLocation":{"X":-164.629639,"Y":5.996765,"Z":8.316162,"MagnitudeSqr":27208.0371,"Magnitude":164.9486},"EntranceLocation":{"X":-166.742386,"Y":6.01999855,"Z":11.4457436,"MagnitudeSqr":27970.27,"Magnitude":167.243149},"IsInSubdivision":false},"22":{"HousingZone":641,"Plot":22,"Size":0,"PlacardLocation":{"X":-170.305969,"Y":5.996765,"Z":2.3651123,"MagnitudeSqr":29045.6777,"Magnitude":170.427933},"EntranceLocation":{"X":-167.279922,"Y":6.0199995,"Z":0.0695267841,"MagnitudeSqr":28018.8164,"Magnitude":167.388214},"IsInSubdivision":false},"23":{"HousingZone":641,"Plot":23,"Size":0,"PlacardLocation":{"X":-139.238586,"Y":16.0067139,"Z":-57.54181,"MagnitudeSqr":22954.66,"Magnitude":151.50795},"EntranceLocation":{"X":-143.217758,"Y":16.02,"Z":-57.9118652,"MagnitudeSqr":24121.75,"Magnitude":155.311783},"IsInSubdivision":false},"24":{"HousingZone":641,"Plot":24,"Size":1,"PlacardLocation":{"X":-107.591431,"Y":16.5865479,"Z":-37.8882446,"MagnitudeSqr":13286.5488,"Magnitude":115.267296},"EntranceLocation":{"X":-112.362213,"Y":17.5099983,"Z":-36.62572,"MagnitudeSqr":14273.31,"Magnitude":119.470955},"IsInSubdivision":false},"25":{"HousingZone":641,"Plot":25,"Size":0,"PlacardLocation":{"X":-89.92145,"Y":13.9924927,"Z":-23.51416,"MagnitudeSqr":8834.572,"Magnitude":93.99241},"EntranceLocation":{"X":-89.5418243,"Y":14.0199986,"Z":-19.6859589,"MagnitudeSqr":8601.836,"Magnitude":92.7460861},"IsInSubdivision":false},"26":{"HousingZone":641,"Plot":26,"Size":0,"PlacardLocation":{"X":-108.781555,"Y":15.9761353,"Z":-49.42401,"MagnitudeSqr":14531.3965,"Magnitude":120.546242},"EntranceLocation":{"X":-104.660515,"Y":16.02,"Z":-48.2072334,"MagnitudeSqr":13534.4014,"Magnitude":116.337448},"IsInSubdivision":false},"27":{"HousingZone":641,"Plot":27,"Size":0,"PlacardLocation":{"X":-63.24872,"Y":19.97406,"Z":-42.25226,"MagnitudeSqr":6184.6167,"Magnitude":78.642334},"EntranceLocation":{"X":-59.1162,"Y":20.02,"Z":-44.3148041,"MagnitudeSqr":5859.327,"Magnitude":76.54624},"IsInSubdivision":false},"28":{"HousingZone":641,"Plot":28,"Size":1,"PlacardLocation":{"X":-78.324646,"Y":24.9790039,"Z":-100.14502,"MagnitudeSqr":16787.7266,"Magnitude":129.567459},"EntranceLocation":{"X":-75.08416,"Y":25.02,"Z":-102.011215,